<?xml version="1.0" encoding="UTF-8" standalone="yes"?>
<addon id="repository.madnox"
        name="Aeon Madnox Skin Repository"
        version="0.0.1"
        provider-name="MadMikeDoc">
    <extension point="xbmc.addon.repository"
        name="Aeon Madnox Skin Repository">
		<info compressed="false">https://raw.githubusercontent.com/doccosgrove/madnox-repo/Isengard/addons.xml</info>
		<checksum>https://raw.githubusercontent.com/doccosgrove/madnox-repo/Isengard/addons.xml.md5</checksum>
		<datadir zip="true">https://github.com/doccosgrove/madnox-repo/tree/Isengard</datadir>
    </extension>
    <extension point="xbmc.addon.metadata">
		<summary>Aeon Madnox Skin Repository</summary>
		<description>Repository containing the Isengard version of the Aeon Madnox skin </description>
		<platform>all</platform>
    </extension>
</addon>